[{"id":5, "created_date":"2021-06-30 15:19:08", "logo":"", "flight_name":"6E432", "flight_number":"Indigo", "manufactured_date":"2021-11-11 00:00:00", "modal_no":"MD34245", "no_of_seats":"100", "web_ref_id":"eda4945da0a646fea7a3b3e599ee5e7f"},
 {"id":9, "created_date":"2021-06-30 15:32:13", "logo":"", "flight_name":"Indigo", "flight_number":"6E4137", "manufactured_date":"2021-11-11 00:00:00", "modal_no":"MD34245", "no_of_seats":"100", "web_ref_id":"f1bf611c69f04993b5e7f0dad3b17b4f"},
 {"id":10, "created_date":"2021-06-30 15:32:19", "logo":"", "flight_name":"Indigo", "flight_number":"6E4157", "manufactured_date":"2021-11-11 00:00:00", "modal_no":"MD34245", "no_of_seats":"100", "web_ref_id":"f10b9b04e6534b469917e9e731395541"},
 {"id":12, "created_date":"2021-06-30 15:32:33", "logo":"", "flight_name":"Air Asia", "flight_number":"6A4157", "manufactured_date":"2021-11-11 00:00:00", "modal_no":"MD34245", "no_of_seats":"100", "web_ref_id":"ed814802330e47b4a931e1c9f9717d6f"},
 {"id":16, "created_date":"2021-06-30 22:40:26", "logo":"", "flight_name":"Air Asia", "flight_number":"6A4257", "manufactured_date":"2021-11-11 00:00:00", "modal_no":"MD34245", "no_of_seats":"100", "web_ref_id":"82c7e0e779334bc0975b37f6add26586"},
 {"id":38, "created_date":"2021-07-07 18:15:43", "logo":"", "flight_name":"Vistaara", "flight_number":"5494595", "manufactured_date":"2021-06-28 05:30:00", "modal_no":"HHDJ5678HH", "no_of_seats":"210", "web_ref_id":"6f1977a6e2114c50a518ba657cd535c7"}]