{
  "users": [
    {
      "name": "demo",
      "email": "demo@gmail.com",
      "password": "demo@123",
      "id": 1
    },
    {
      "name": "test",
      "email": "test@gmail.com",
      "password": "test@123",
      "id": 2
    },
    {
      "name": "demo",
      "email": "demo@gmail.com",
      "password": "demo@123",
      "id": 3
    },
    {
      "name": "admin",
      "email": "admin@gmail.com",
      "password": "admin@123",
      "id": 4
    },
    {
      "name": "admin",
      "email": "admin@gmail.com",
      "password": "admin@123",
      "id": 5
    },
    {
      "name": "admin",
      "email": "admin@gmail.com",
      "password": "admin@123",
      "id": 6
    },
    {
      "name": "admin",
      "email": "admin@gmail.com",
      "password": "admin@123",
      "id": 7
    }
  ],
  "admins": [
    {
      "name": "admin",
      "email": "admin@gmail.com",
      "password": "admin@123",
      "id": 1
    }
  ],
  "flights": [
    {
      "name": "outdigo"
    },
    {
      "name": "indigo"
    },
    {
      "name": "upondigo"
    },
    {
      "name": "ondigo"
    }
  ],
  "login": [
    {
      "success": true
    },
    {
      "success": false
    }
  ],
  "errors": [
    {
      "message": "This is error while registration",
      "additional": [],
      "level": 5,
      "timestamp": "2021-06-24T05:22:27.728Z",
      "fileName": "main.js",
      "lineNumber": "154",
      "id": 1
    },
    {
      "message": "{\n  \"headers\": {\n    \"normalizedNames\": {},\n    \"lazyUpdate\": null\n  },\n  \"status\": 404,\n  \"statusText\": \"Not Found\",\n  \"url\": \"http://localhost:3000/users123\",\n  \"ok\": false,\n  \"name\": \"HttpErrorResponse\",\n  \"message\": \"Http failure response for http://localhost:3000/users123: 404 Not Found\",\n  \"error\": {}\n}",
      "additional": [],
      "level": 5,
      "timestamp": "2021-06-24T05:22:27.734Z",
      "fileName": "main.js",
      "lineNumber": "155",
      "id": 2
    }
  ]
}